-- MySQL Script generated by MySQL Workbench
-- Mon Jun  3 10:12:17 2024
-- Model: New Model    Version: 1.0
-- MySQL Workbench Forward Engineering

SET @OLD_UNIQUE_CHECKS=@@UNIQUE_CHECKS, UNIQUE_CHECKS=0;
SET @OLD_FOREIGN_KEY_CHECKS=@@FOREIGN_KEY_CHECKS, FOREIGN_KEY_CHECKS=0;
SET @OLD_SQL_MODE=@@SQL_MODE, SQL_MODE='ONLY_FULL_GROUP_BY,STRICT_TRANS_TABLES,NO_ZERO_IN_DATE,NO_ZERO_DATE,ERROR_FOR_DIVISION_BY_ZERO,NO_ENGINE_SUBSTITUTION';

-- -----------------------------------------------------
-- Schema gluttex
-- -----------------------------------------------------
DROP SCHEMA IF EXISTS `gluttex` ;

-- -----------------------------------------------------
-- Schema gluttex
-- -----------------------------------------------------
CREATE SCHEMA IF NOT EXISTS `gluttex` DEFAULT CHARACTER SET utf8 ;
USE `gluttex` ;

-- -----------------------------------------------------
-- Table `gluttex`.`app_user_type`
-- -----------------------------------------------------
DROP TABLE IF EXISTS `gluttex`.`app_user_type` ;

CREATE TABLE IF NOT EXISTS `gluttex`.`app_user_type` (
  `id_app_user_type` INT NOT NULL AUTO_INCREMENT,
  `app_user_type_desc` VARCHAR(45) NULL,
  PRIMARY KEY (`id_app_user_type`))
ENGINE = InnoDB;


-- -----------------------------------------------------
-- Table `gluttex`.`person_details`
-- -----------------------------------------------------
DROP TABLE IF EXISTS `gluttex`.`person_details` ;

CREATE TABLE IF NOT EXISTS `gluttex`.`person_details` (
  `id_person_details` INT NOT NULL AUTO_INCREMENT,
  `person_first_name` VARCHAR(45) NULL,
  `person_last_name` VARCHAR(45) NULL,
  `person_birth_date` DATE NULL,
  `person_gender` VARCHAR(45) NULL,
  `person_nationality` VARCHAR(45) NULL,
  PRIMARY KEY (`id_person_details`))
ENGINE = InnoDB;


-- -----------------------------------------------------
-- Table `gluttex`.`blood_type`
-- -----------------------------------------------------
DROP TABLE IF EXISTS `gluttex`.`blood_type` ;

CREATE TABLE IF NOT EXISTS `gluttex`.`blood_type` (
  `id_blood_type` INT NOT NULL AUTO_INCREMENT,
  `blood_type_desc` VARCHAR(45) NULL,
  PRIMARY KEY (`id_blood_type`))
ENGINE = InnoDB;


-- -----------------------------------------------------
-- Table `gluttex`.`address`
-- -----------------------------------------------------
DROP TABLE IF EXISTS `gluttex`.`address` ;

CREATE TABLE IF NOT EXISTS `gluttex`.`address` (
  `id_address` INT NOT NULL AUTO_INCREMENT,
  `address_street` VARCHAR(45) NULL,
  `address_city` VARCHAR(45) NULL,
  `address_postal_code` VARCHAR(45) NULL,
  `address_country` VARCHAR(45) NULL,
  PRIMARY KEY (`id_address`))
ENGINE = InnoDB;


-- -----------------------------------------------------
-- Table `gluttex`.`location`
-- -----------------------------------------------------
DROP TABLE IF EXISTS `gluttex`.`location` ;

CREATE TABLE IF NOT EXISTS `gluttex`.`location` (
  `id_location` INT NOT NULL AUTO_INCREMENT,
  `location_latitude` DECIMAL(10,8) NULL,
  `location_longitude` DECIMAL(11,8) NULL,
  `location_name` VARCHAR(45) NULL,
  `location_address_id` INT NULL,
  PRIMARY KEY (`id_location`),
  INDEX `fk_location_1_idx` (`location_address_id` ASC) VISIBLE,
  CONSTRAINT `fk_location_1`
    FOREIGN KEY (`location_address_id`)
    REFERENCES `gluttex`.`address` (`id_address`)
    ON DELETE NO ACTION
    ON UPDATE NO ACTION)
ENGINE = InnoDB;


-- -----------------------------------------------------
-- Table `gluttex`.`person`
-- -----------------------------------------------------
DROP TABLE IF EXISTS `gluttex`.`person` ;

CREATE TABLE IF NOT EXISTS `gluttex`.`person` (
  `id_person` INT NOT NULL AUTO_INCREMENT,
  `person_details_id` INT NULL,
  `person_blood_type_id` INT NULL,
  `person_location_id` INT NULL,
  PRIMARY KEY (`id_person`),
  INDEX `fk_person_1_idx` (`person_details_id` ASC) VISIBLE,
  INDEX `fk_person_2_idx` (`person_blood_type_id` ASC) VISIBLE,
  INDEX `fk_person_3_idx` (`person_location_id` ASC) VISIBLE,
  CONSTRAINT `fk_person_1`
    FOREIGN KEY (`person_details_id`)
    REFERENCES `gluttex`.`person_details` (`id_person_details`)
    ON DELETE NO ACTION
    ON UPDATE NO ACTION,
  CONSTRAINT `fk_person_2`
    FOREIGN KEY (`person_blood_type_id`)
    REFERENCES `gluttex`.`blood_type` (`id_blood_type`)
    ON DELETE NO ACTION
    ON UPDATE NO ACTION,
  CONSTRAINT `fk_person_3`
    FOREIGN KEY (`person_location_id`)
    REFERENCES `gluttex`.`location` (`id_location`)
    ON DELETE NO ACTION
    ON UPDATE NO ACTION)
ENGINE = InnoDB;


-- -----------------------------------------------------
-- Table `gluttex`.`app_user`
-- -----------------------------------------------------
DROP TABLE IF EXISTS `gluttex`.`app_user` ;

CREATE TABLE IF NOT EXISTS `gluttex`.`app_user` (
  `id_app_user` INT NOT NULL AUTO_INCREMENT,
  `app_user_name` VARCHAR(100) NULL,
  `app_user_password` VARCHAR(256) NULL,
  `app_user_person_id` INT NULL,
  `app_user_type_id` INT NULL,
  `app_user_preferences` TEXT NULL,
  `app_user_image` BLOB NULL,
  `app_user_last_active` DATETIME NULL,
  `app_user_last_updated` DATETIME NULL,
  `app_user_creation` DATETIME NULL,
  PRIMARY KEY (`id_app_user`),
  INDEX `fk_app_user_3_idx` (`app_user_person_id` ASC) VISIBLE,
  INDEX `fk_app_user_1_idx` (`app_user_type_id` ASC) VISIBLE,
  CONSTRAINT `fk_app_user_1`
    FOREIGN KEY (`app_user_type_id`)
    REFERENCES `gluttex`.`app_user_type` (`id_app_user_type`)
    ON DELETE NO ACTION
    ON UPDATE NO ACTION,
  CONSTRAINT `fk_app_user_3`
    FOREIGN KEY (`app_user_person_id`)
    REFERENCES `gluttex`.`person` (`id_person`)
    ON DELETE NO ACTION
    ON UPDATE NO ACTION)
ENGINE = InnoDB;


-- -----------------------------------------------------
-- Table `gluttex`.`product_provider_type`
-- -----------------------------------------------------
DROP TABLE IF EXISTS `gluttex`.`product_provider_type` ;

CREATE TABLE IF NOT EXISTS `gluttex`.`product_provider_type` (
  `id_product_provider_type` INT NOT NULL AUTO_INCREMENT,
  `product_provider_type_desc` VARCHAR(45) NULL,
  PRIMARY KEY (`id_product_provider_type`))
ENGINE = InnoDB;


-- -----------------------------------------------------
-- Table `gluttex`.`provider_details`
-- -----------------------------------------------------
DROP TABLE IF EXISTS `gluttex`.`provider_details` ;

CREATE TABLE IF NOT EXISTS `gluttex`.`provider_details` (
  `idprovider_details_id` INT NOT NULL AUTO_INCREMENT,
  `provider_name` VARCHAR(45) NULL,
  `provider_contact_info` TEXT NULL,
  PRIMARY KEY (`idprovider_details_id`))
ENGINE = InnoDB;


-- -----------------------------------------------------
-- Table `gluttex`.`provider_organisation`
-- -----------------------------------------------------
DROP TABLE IF EXISTS `gluttex`.`provider_organisation` ;

CREATE TABLE IF NOT EXISTS `gluttex`.`provider_organisation` (
  `idprovider_organisation` INT NOT NULL AUTO_INCREMENT,
  `provider_organisation_name` VARCHAR(45) NULL,
  PRIMARY KEY (`idprovider_organisation`))
ENGINE = InnoDB;


-- -----------------------------------------------------
-- Table `gluttex`.`product_provider`
-- -----------------------------------------------------
DROP TABLE IF EXISTS `gluttex`.`product_provider` ;

CREATE TABLE IF NOT EXISTS `gluttex`.`product_provider` (
  `id_product_provider` INT NOT NULL AUTO_INCREMENT,
  `product_provider_details_id` INT NULL,
  `product_provider_type_id` INT NULL,
  `product_provider_location_id` INT NULL,
  `product_provider_org_id` INT NULL,
  PRIMARY KEY (`id_product_provider`),
  INDEX `fk_product_provider_3_idx` (`product_provider_details_id` ASC) VISIBLE,
  INDEX `fk_product_provider_1_idx` (`product_provider_type_id` ASC) VISIBLE,
  INDEX `fk_product_provider_4_idx` (`product_provider_location_id` ASC) VISIBLE,
  INDEX `fk_product_provider_2_idx` (`product_provider_org_id` ASC) VISIBLE,
  CONSTRAINT `fk_product_provider_1`
    FOREIGN KEY (`product_provider_type_id`)
    REFERENCES `gluttex`.`product_provider_type` (`id_product_provider_type`)
    ON DELETE NO ACTION
    ON UPDATE NO ACTION,
  CONSTRAINT `fk_product_provider_3`
    FOREIGN KEY (`product_provider_details_id`)
    REFERENCES `gluttex`.`provider_details` (`idprovider_details_id`)
    ON DELETE NO ACTION
    ON UPDATE NO ACTION,
  CONSTRAINT `fk_product_provider_4`
    FOREIGN KEY (`product_provider_location_id`)
    REFERENCES `gluttex`.`location` (`id_location`)
    ON DELETE NO ACTION
    ON UPDATE NO ACTION,
  CONSTRAINT `fk_product_provider_2`
    FOREIGN KEY (`product_provider_org_id`)
    REFERENCES `gluttex`.`provider_organisation` (`idprovider_organisation`)
    ON DELETE NO ACTION
    ON UPDATE NO ACTION)
ENGINE = InnoDB;


-- -----------------------------------------------------
-- Table `gluttex`.`product_category`
-- -----------------------------------------------------
DROP TABLE IF EXISTS `gluttex`.`product_category` ;

CREATE TABLE IF NOT EXISTS `gluttex`.`product_category` (
  `id_product_category` INT NOT NULL AUTO_INCREMENT,
  `product_category_desc` VARCHAR(45) NULL,
  `product_category_icon` TEXT NULL,
  PRIMARY KEY (`id_product_category`))
ENGINE = InnoDB;


-- -----------------------------------------------------
-- Table `gluttex`.`product`
-- -----------------------------------------------------
DROP TABLE IF EXISTS `gluttex`.`product` ;

CREATE TABLE IF NOT EXISTS `gluttex`.`product` (
  `id_product` INT NOT NULL AUTO_INCREMENT,
  `product_name` VARCHAR(45) NULL,
  `product_brand` VARCHAR(45) NULL,
  `product_provider_id` INT NULL,
  `product_category_id` INT NULL,
  `product_barcode` VARCHAR(45) NULL,
  `last_updated` DATETIME NULL,
  `created` DATETIME NULL,
  `product_description` VARCHAR(300) NULL,
  `product_price` DOUBLE NULL,
  `product_quantity` INT NULL,
  PRIMARY KEY (`id_product`),
  INDEX `fk_product_1_idx` (`product_provider_id` ASC) VISIBLE,
  INDEX `fk_product_2_idx` (`product_category_id` ASC) VISIBLE,
  CONSTRAINT `fk_product_1`
    FOREIGN KEY (`product_provider_id`)
    REFERENCES `gluttex`.`product_provider` (`id_product_provider`)
    ON DELETE NO ACTION
    ON UPDATE NO ACTION,
  CONSTRAINT `fk_product_2`
    FOREIGN KEY (`product_category_id`)
    REFERENCES `gluttex`.`product_category` (`id_product_category`)
    ON DELETE NO ACTION
    ON UPDATE NO ACTION)
ENGINE = InnoDB;


-- -----------------------------------------------------
-- Table `gluttex`.`disease_severity`
-- -----------------------------------------------------
DROP TABLE IF EXISTS `gluttex`.`disease_severity` ;

CREATE TABLE IF NOT EXISTS `gluttex`.`disease_severity` (
  `id_disease_severity` INT NOT NULL AUTO_INCREMENT,
  `disease_severity_desc` VARCHAR(45) NULL,
  PRIMARY KEY (`id_disease_severity`))
ENGINE = InnoDB;


-- -----------------------------------------------------
-- Table `gluttex`.`patient`
-- -----------------------------------------------------
DROP TABLE IF EXISTS `gluttex`.`patient` ;

CREATE TABLE IF NOT EXISTS `gluttex`.`patient` (
  `id_patient` INT NOT NULL AUTO_INCREMENT,
  `patient_person_id` INT NULL,
  `patient_disease_severity_id` INT NULL,
  PRIMARY KEY (`id_patient`),
  INDEX `fk_patient_1_idx` (`patient_person_id` ASC) VISIBLE,
  INDEX `fk_patient_2_idx` (`patient_disease_severity_id` ASC) VISIBLE,
  CONSTRAINT `fk_patient_1`
    FOREIGN KEY (`patient_person_id`)
    REFERENCES `gluttex`.`person` (`id_person`)
    ON DELETE NO ACTION
    ON UPDATE NO ACTION,
  CONSTRAINT `fk_patient_2`
    FOREIGN KEY (`patient_disease_severity_id`)
    REFERENCES `gluttex`.`disease_severity` (`id_disease_severity`)
    ON DELETE NO ACTION
    ON UPDATE NO ACTION)
ENGINE = InnoDB;


-- -----------------------------------------------------
-- Table `gluttex`.`diagnosis`
-- -----------------------------------------------------
DROP TABLE IF EXISTS `gluttex`.`diagnosis` ;

CREATE TABLE IF NOT EXISTS `gluttex`.`diagnosis` (
  `id_diagnosis` INT NOT NULL AUTO_INCREMENT,
  `diagnosis_details` TEXT NULL,
  `diagnosis_date` DATE NULL,
  `patient_id` INT NULL,
  PRIMARY KEY (`id_diagnosis`),
  INDEX `fk_diagnosis_1_idx` (`patient_id` ASC) VISIBLE,
  CONSTRAINT `fk_diagnosis_1`
    FOREIGN KEY (`patient_id`)
    REFERENCES `gluttex`.`patient` (`id_patient`)
    ON DELETE NO ACTION
    ON UPDATE NO ACTION)
ENGINE = InnoDB;


-- -----------------------------------------------------
-- Table `gluttex`.`recipe_category`
-- -----------------------------------------------------
DROP TABLE IF EXISTS `gluttex`.`recipe_category` ;

CREATE TABLE IF NOT EXISTS `gluttex`.`recipe_category` (
  `id_recipe_category` INT NOT NULL AUTO_INCREMENT,
  `recipe_category_desc` VARCHAR(45) NULL,
  `recipe_category_icon` TEXT NULL,
  PRIMARY KEY (`id_recipe_category`))
ENGINE = InnoDB;


-- -----------------------------------------------------
-- Table `gluttex`.`recipe`
-- -----------------------------------------------------
DROP TABLE IF EXISTS `gluttex`.`recipe` ;

CREATE TABLE IF NOT EXISTS `gluttex`.`recipe` (
  `id_recipe` INT NOT NULL AUTO_INCREMENT,
  `recipe_owner_id` INT NULL,
  `recipe_category_id` INT NULL,
  `recipe_preparation_time` VARCHAR(45) NULL,
  `recipe_instructions` TEXT NULL,
  `recipe_name` VARCHAR(45) NULL,
  `recipe_description` VARCHAR(300) NULL,
  `recipe_creation` DATETIME NULL,
  `recipe_last_updated` DATETIME NULL,
  PRIMARY KEY (`id_recipe`),
  INDEX `fk_recipe_1_idx` (`recipe_owner_id` ASC) VISIBLE,
  INDEX `fk_recipe_2_idx` (`recipe_category_id` ASC) VISIBLE,
  CONSTRAINT `fk_recipe_1`
    FOREIGN KEY (`recipe_owner_id`)
    REFERENCES `gluttex`.`app_user` (`id_app_user`)
    ON DELETE NO ACTION
    ON UPDATE NO ACTION,
  CONSTRAINT `fk_recipe_2`
    FOREIGN KEY (`recipe_category_id`)
    REFERENCES `gluttex`.`recipe_category` (`id_recipe_category`)
    ON DELETE NO ACTION
    ON UPDATE NO ACTION)
ENGINE = InnoDB;


-- -----------------------------------------------------
-- Table `gluttex`.`ingredient`
-- -----------------------------------------------------
DROP TABLE IF EXISTS `gluttex`.`ingredient` ;

CREATE TABLE IF NOT EXISTS `gluttex`.`ingredient` (
  `id_ingredient` INT NOT NULL AUTO_INCREMENT,
  `ingredient_name` VARCHAR(45) NULL,
  PRIMARY KEY (`id_ingredient`))
ENGINE = InnoDB;


-- -----------------------------------------------------
-- Table `gluttex`.`recipe_contains_ingredient`
-- -----------------------------------------------------
DROP TABLE IF EXISTS `gluttex`.`recipe_contains_ingredient` ;

CREATE TABLE IF NOT EXISTS `gluttex`.`recipe_contains_ingredient` (
  `idrecipe_contains_ingredient_id` INT NOT NULL AUTO_INCREMENT,
  `containing_recipe_id` INT NULL,
  `contained_ingredient_id` INT NULL,
  `contained_quantity` VARCHAR(45) NULL,
  PRIMARY KEY (`idrecipe_contains_ingredient_id`),
  INDEX `fk_recipe_contains_ingredient_1_idx` (`containing_recipe_id` ASC) VISIBLE,
  INDEX `fk_recipe_contains_ingredient_2_idx` (`contained_ingredient_id` ASC) VISIBLE,
  CONSTRAINT `fk_recipe_contains_ingredient_1`
    FOREIGN KEY (`containing_recipe_id`)
    REFERENCES `gluttex`.`recipe` (`id_recipe`)
    ON DELETE NO ACTION
    ON UPDATE NO ACTION,
  CONSTRAINT `fk_recipe_contains_ingredient_2`
    FOREIGN KEY (`contained_ingredient_id`)
    REFERENCES `gluttex`.`ingredient` (`id_ingredient`)
    ON DELETE NO ACTION
    ON UPDATE NO ACTION)
ENGINE = InnoDB;


-- -----------------------------------------------------
-- Table `gluttex`.`product_image`
-- -----------------------------------------------------
DROP TABLE IF EXISTS `gluttex`.`product_image` ;

CREATE TABLE IF NOT EXISTS `gluttex`.`product_image` (
  `id_product_image` INT NOT NULL AUTO_INCREMENT,
  `product_image_data` BLOB NULL,
  `product_ref_id` INT NULL,
  PRIMARY KEY (`id_product_image`),
  INDEX `fk_product_image_1_idx` (`product_ref_id` ASC) VISIBLE,
  CONSTRAINT `fk_product_image_1`
    FOREIGN KEY (`product_ref_id`)
    REFERENCES `gluttex`.`product` (`id_product`)
    ON DELETE NO ACTION
    ON UPDATE NO ACTION)
ENGINE = InnoDB;


-- -----------------------------------------------------
-- Table `gluttex`.`recipe_image`
-- -----------------------------------------------------
DROP TABLE IF EXISTS `gluttex`.`recipe_image` ;

CREATE TABLE IF NOT EXISTS `gluttex`.`recipe_image` (
  `id_recipe_image` INT NOT NULL AUTO_INCREMENT,
  `recipe_image_data` BLOB NULL,
  `recipe_ref_id` INT NULL,
  PRIMARY KEY (`id_recipe_image`),
  INDEX `fk_recipe_image_1_idx` (`recipe_ref_id` ASC) VISIBLE,
  CONSTRAINT `fk_recipe_image_1`
    FOREIGN KEY (`recipe_ref_id`)
    REFERENCES `gluttex`.`recipe` (`id_recipe`)
    ON DELETE NO ACTION
    ON UPDATE NO ACTION)
ENGINE = InnoDB;



INSERT INTO `gluttex`.`app_user_type` ( `app_user_type_desc`) VALUES
( 'Client'),
( 'Admin'),
( 'Cooking chef');

INSERT INTO `gluttex`.`blood_type` ( `blood_type_desc`) VALUES
('Type O+'),
('Type A+'),
('Type B+'),
('Type AB+'),
('Type O-'),
('Type A-'),
('Type B-'),
('Type AB-');

INSERT INTO `gluttex`.`product_category` ( `product_category_desc`) VALUES
('Computing'),
('Mechanical'),
('Agriculture'),
('Electronic'),
('Chemistry'),
('Medical');

INSERT INTO `gluttex`.`product_provider_type` ( `product_provider_type_desc`) VALUES
('Restaurant'),
('Factory'),
('Seller'),
('Shop');


INSERT INTO `gluttex`.`ingredient` ( `ingredient_name`) VALUES
("Rice"),
("Quinoa"),
("Buckwheat"),
("Amaranth"),
("Millet"),
("Sorghum"),
("Teff"),
("Gluten-free oats"),
("Cornmeal"),
("Almond flour"),
("Coconut flour"),
("Tapioca flour"),
("Potato flour"),
("Chickpea flour"),
("Arrowroot flour"),
("Chicken"),
("Beef"),
("Pork"),
("Turkey"),
("Lamb"),
("Fish"),
("Shellfish"),
("Eggs"),
("Tofu"),
("Tempeh"),
("Beans"),
("Lentils"),
("Peas"),
("Milk"),
("Cheese"),
("Yogurt"),
("Butter"),
("Cream"),
("Cottage cheese"),
("Sour cream"),
("Almond milk"),
("Coconut milk"),
("Soy milk"),
("Rice milk"),
("Olive oil"),
("Coconut oil"),
("Avocado oil"),
("Canola oil"),
("Sunflower oil"),
("Butter"),
("Ghee"),
("Basil"),
("Oregano"),
("Thyme"),
("Rosemary"),
("Parsley"),
("Cilantro"),
("Dill"),
("Sage"),
("Mint"),
("Chives"),
("Cinnamon"),
("Nutmeg"),
("Paprika"),
("Turmeric"),
("Cumin"),
("Coriander"),
("Black pepper"),
("Salt"),
("Olive oil"),
("Coconut oil"),
("Avocado oil"),
("Canola oil"),
("Sunflower oil"),
("Butter"),
("Ghee"),
("Sugar"),
("Brown sugar"),
("Honey"),
("Maple syrup"),
("Agave nectar"),
("Stevia");



INSERT INTO `gluttex`.`recipe_category` ( `recipe_category_desc`) VALUES
("Appetizers & Snacks"),
("Soups & Stews"),
("Salads"),
("Main Courses"),
("Side Dishes"),
("Pasta & Noodles"),
("Casseroles"),
("Breakfast & Brunch"),
("Breads & Baking"),
("Desserts"),
("Drinks & Beverages"),
("Sauces & Condiments"),
("International Cuisine"),
("Healthy & Special Diets"),
("Holiday & Seasonal"),
("Kids & Family"),
("Slow Cooker & Instant Pot"),
("Quick & Easy"),
("One-Pan Recipes"),
("Grilling & BBQ");







INSERT INTO `gluttex`.`provider_details` (`provider_name`, `provider_contact_info`) VALUES
('Smart Technologies', 'Phone: +213 609 1126074, Email: mjmhqzs@example.com'),
('Eco Systems', 'Phone: +213 606 7668104, Email: fbkulvv@example.com'),
('Smart Corporation', 'Phone: +213 675 9893109, Email: jkjkbvj@example.com'),
('Health Industries', 'Phone: +213 604 3331217, Email: uxsjtfy@example.com'),
('Tech Partners', 'Phone: +213 641 7681417, Email: lksfdtv@example.com'),
('Green Enterprises', 'Phone: +213 627 6240490, Email: lcaleej@example.com'),
('Green Consulting', 'Phone: +213 641 9897301, Email: yfpplzr@example.com'),
('Smart Corporation', 'Phone: +213 611 5823312, Email: kbcxhps@example.com'),
('Eco Partners', 'Phone: +213 640 4406431, Email: jqaeljx@example.com'),
('Innovative Enterprises', 'Phone: +213 600 6854116, Email: aakgoqm@example.com'),
('Global Solutions', 'Phone: +213 661 6236168, Email: unadtjk@example.com'),
('Green Corporation', 'Phone: +213 653 3147806, Email: qrhkloy@example.com'),
('Prime Technologies', 'Phone: +213 608 5803282, Email: mplnqpb@example.com'),
('Innovative Corporation', 'Phone: +213 682 5387637, Email: ongcbmo@example.com'),
('Prime Technologies', 'Phone: +213 635 4163080, Email: yvqcumv@example.com'),
('Global Services', 'Phone: +213 667 6194095, Email: npxexni@example.com'),
('Bright Solutions', 'Phone: +213 609 5237134, Email: rospbtg@example.com'),
('Health Industries', 'Phone: +213 674 4584401, Email: iqqrnoz@example.com'),
('Tech Consulting', 'Phone: +213 639 6918018, Email: mzgzxmy@example.com'),
('Dynamic Technologies', 'Phone: +213 622 5664114, Email: nqhtvuh@example.com'),
('Bright Solutions', 'Phone: +213 655 1527858, Email: eorfakx@example.com'),
('Bright Solutions', 'Phone: +213 688 7400754, Email: vpltnqs@example.com'),
('Prime Consulting', 'Phone: +213 611 3908501, Email: vcfjnyj@example.com'),
('Prime Solutions', 'Phone: +213 690 5009291, Email: emdrlxj@example.com'),
('Smart Technologies', 'Phone: +213 644 9988918, Email: zzpbmpp@example.com'),
('Bright Industries', 'Phone: +213 684 3960601, Email: prieuim@example.com'),
('Global Technologies', 'Phone: +213 638 7617405, Email: mrphlvv@example.com'),
('Eco Consulting', 'Phone: +213 662 6706103, Email: khphupc@example.com'),
('Green Partners', 'Phone: +213 635 9913502, Email: wlfnjcv@example.com'),
('Global Consulting', 'Phone: +213 643 2839789, Email: upgoewx@example.com');




INSERT INTO `gluttex`.`location` (`location_latitude`,`location_longitude`, `location_name`) VALUES
('31.4704', '10.5995','Algiers'),
('21.9235', '6.6383','Oran'),
('33.3383', '-0.7512','Constantine'),
('30.3659', '11.3850','Annaba'),
('31.2074', '8.0155','Blida'),
('32.3339', '-0.0670','Batna'),
('26.7321', '9.2440','Sétif'),
('33.0055', '-5.9117','Tlemcen'),
('30.2891', '2.5290','Biskra'),
('29.1807', '3.8425','Béjaïa'),
('26.1838', '-7.1486','Tizi Ouzou'),
('32.5957', '-3.5024','Chlef'),
('34.7306', '8.1922','Sidi Bel Abbès'),
('31.0770', '-1.8179','Djelfa'),
('26.7578', '11.0753','Guelma'),
('28.5457', '-5.5282','Mascara'),
('33.0417', '1.0216','Skikda'),
('29.2655', '11.9160','Ouargla'),
('33.7725', '1.0248','Relizane'),
('27.2296', '-7.0964','Tiaret'),
('36.0817', '9.7897','Tindouf'),
('31.9784', '1.2928','Laghouat'),
('30.6563', '2.6474','Tebessa'),
('31.1872', '9.6848','Mostaganem'),
('24.3694', '-8.1194','Bordj Bou Arreridj'),
('19.3143', '2.7007','Boumerdès'),
('26.6551', '-2.8732','Ain Temouchent'),
('33.1827', '4.8710','Médéa'),
('31.6452', '1.0392','El Oued'),
('25.2283', '-0.0806','Khenchela');





INSERT INTO `gluttex`.`product_provider` (`product_provider_location_id`, `product_provider_details_id`,`product_provider_type_id`) VALUES
(1,1,1),
(2,2,2),
(3,3,3),
(4,4,4),
(5,5,1),
(6,6,2),
(7,7,3),
(8,8,4),
(9,9,1),
(10,10,2),
(11,11,3),
(12,12,4),
(13,13,1),
(14,14,2),
(15,15,3),
(16,16,4),
(17,17,1),
(18,18,2),
(19,19,3),
(20,20,4),
(21,21,1),
(22,22,2),
(23,23,3),
(24,24,4),
(25,25,1),
(26,26,2),
(27,27,3),
(28,28,4),
(29,29,1),
(30,30,2);






INSERT INTO `gluttex`.`product` (`product_name`, `product_brand`,`product_description`, `product_provider_id`, `product_category_id`, `product_barcode`, `product_price`, `product_quantity`,`last_updated`,`created`) VALUES
('Product 1', 'Brand A','This Product 1, You can enjoy this lorem ipsum totem dolor.', 1, 1, '1234567890123', 100, 50,CURDATE(),CURDATE()),
('Product 2', 'Brand B','This Product 2, You can enjoy this lorem ipsum totem dolor.', 2, 2, '2234567890123', 150, 30,CURDATE(),CURDATE()),
('Product 3', 'Brand C','This Product 3, You can enjoy this lorem ipsum totem dolor.', 3, 3, '3234567890123', 200, 20,CURDATE(),CURDATE()),
('Product 4', 'Brand D','This Product 4, You can enjoy this lorem ipsum totem dolor.', 4, 4, '4234567890123', 250, 40,CURDATE(),CURDATE()),
('Product 5', 'Brand E','This Product 5, You can enjoy this lorem ipsum totem dolor.', 5, 1, '5234567890123', 300, 10,CURDATE(),CURDATE()),
('Product 6', 'Brand F','This Product 6, You can enjoy this lorem ipsum totem dolor.', 6, 2, '6234567890123', 350, 60,CURDATE(),CURDATE()),
('Product 7', 'Brand G','This Product 7, You can enjoy this lorem ipsum totem dolor.', 7, 3, '7234567890123', 400, 80,CURDATE(),CURDATE()),
('Product 8', 'Brand H','This Product 8, You can enjoy this lorem ipsum totem dolor.', 8, 4, '8234567890123', 450, 90,CURDATE(),CURDATE()),
('Product 9', 'Brand I','This Product 9, You can enjoy this lorem ipsum totem dolor.', 9, 1, '9234567890123', 500, 70,CURDATE(),CURDATE()),
('Product 10', 'Brand J','This Product 10, You can enjoy this lorem ipsum totem dolor.', 10, 2, '1034567890123', 550, 50,CURDATE(),CURDATE()),
('Product 11', 'Brand K','This Product 11, You can enjoy this lorem ipsum totem dolor.', 11, 3, '1134567890123', 600, 30,CURDATE(),CURDATE()),
('Product 12', 'Brand L','This Product 12, You can enjoy this lorem ipsum totem dolor.', 12, 4, '1234567890124', 650, 20,CURDATE(),CURDATE());


-- INSERT INTO `gluttex`.`recipe` 
-- (`recipe_owner_id`, `recipe_category_id`, `recipe_preparation_time`, `recipe_instructions`, `recipe_name`, `recipe_description`, `recipe_creation`, `recipe_last_updated`)
-- VALUES
-- (1, 1, '30 minutes', 'Step 1: Do this.\nStep 2: Do that.', 'Tasty Appetizer', 'A delicious appetizer to start your meal.', NOW(), NOW()),
-- (1, 2, '45 minutes', 'Step 1: Prepare ingredients.\nStep 2: Cook.', 'Hearty Soup', 'A warm and comforting soup.', NOW(), NOW()),
-- (1, 3, '20 minutes', 'Step 1: Chop vegetables.\nStep 2: Mix ingredients.', 'Fresh Salad', 'A fresh and healthy salad.', NOW(), NOW()),
-- (1, 4, '1 hour', 'Step 1: Marinate meat.\nStep 2: Grill.', 'Grilled Chicken', 'Juicy grilled chicken with herbs.', NOW(), NOW()),
-- (1, 5, '30 minutes', 'Step 1: Boil water.\nStep 2: Cook side dish.', 'Mashed Potatoes', 'Creamy mashed potatoes.', NOW(), NOW()),
-- (1, 6, '40 minutes', 'Step 1: Prepare pasta.\nStep 2: Cook sauce.', 'Spaghetti Bolognese', 'Classic Italian pasta dish.', NOW(), NOW()),
-- (1, 7, '1 hour 30 minutes', 'Step 1: Prepare casserole.\nStep 2: Bake.', 'Cheesy Casserole', 'Cheesy and delicious casserole.', NOW(), NOW()),
-- (1, 8, '25 minutes', 'Step 1: Mix ingredients.\nStep 2: Cook.', 'Pancakes', 'Fluffy and light pancakes.', NOW(), NOW()),
-- (1, 9, '3 hours', 'Step 1: Prepare dough.\nStep 2: Bake.', 'Sourdough Bread', 'Homemade sourdough bread.', NOW(), NOW()),
-- (1, 10, '1 hour 15 minutes', 'Step 1: Prepare ingredients.\nStep 2: Bake.', 'Chocolate Cake', 'Rich and moist chocolate cake.', NOW(), NOW());




SET SQL_MODE=@OLD_SQL_MODE;
SET FOREIGN_KEY_CHECKS=@OLD_FOREIGN_KEY_CHECKS;
SET UNIQUE_CHECKS=@OLD_UNIQUE_CHECKS;
